customer_unique_id,RecencyDays,Frequency,MonetaryValue,CustomerSegment
0000366f3b9a7992bf8c76cfdf3221e2,115,1,129.9,Regular Customers
0000b849f77a49e4a4ce2b2a4ca5be3f,118,1,18.9,Regular Customers
0000f46a3911fa3c0805444483337064,541,1,69.0,At Risk
0000f6ccb0745a6a4b88665a16c9f078,325,1,25.99,At Risk
0004aac84e0df4da2b147fca70cf8255,292,1,180.0,At Risk
0004bd2a26a76fe21f786e4fbd80607f,150,1,154.0,Regular Customers
00050ab1314c0e55a6ca13cf7181fecf,135,1,27.99,Regular Customers
00053a61a98854899e70ed204dd4bafe,186,1,382.0,At Risk
0005e1862207bf6ccc02e4228effd9a0,547,1,135.0,At Risk
0005ef4cd20d2893f0d9fbd94d3c0d97,174,1,104.9,Regular Customers
0006fdc98a402fceb4eb0ee528f6a8d4,411,1,13.9,At Risk
00082cbe03e478190aadbea78542e933,287,1,79.0,At Risk
00090324bbad0e9342388303bb71ba0a,162,1,49.95,Regular Customers
000949456b182f53c18b68d6babc79c1,132,1,64.89,Regular Customers
000a5ad9c4601d2bbdd9ed765d5213b3,387,1,76.99,At Risk
000bfa1d2f1a41876493be685390d6d3,338,1,35.0,At Risk
000c8bdb58a29e7115cfc257230fb21b,264,1,13.9,At Risk
000d460961d6dbfa3ec6c9f5805769e1,238,1,28.9,At Risk
000de6019bb59f34c099a907c151d855,381,1,229.8,At Risk
000e309254ab1fc5ba99dd469d36bdb4,69,1,59.9,Regular Customers
000ec5bff359e1c0ad76a81a45cb598f,12,1,14.96,Regular Customers
000ed48ceeb6f4bf8ad021a10a3c7b43,105,1,12.88,Regular Customers
000fbf0473c10fc1ab6f8d2d286ce20c,38,1,285.8,Regular Customers
0010a452c6d13139e50b57f19f52e04e,418,1,299.0,At Risk
0010fb34b966d44409382af9e8fd5b77,181,1,49.95,At Risk
001147e649a7b1afd577e873841632dd,367,1,170.0,At Risk
00115fc7123b5310cf6d3a3aa932699e,589,1,59.99,At Risk
0011805441c0d1b68b48002f1d005526,496,1,269.0,At Risk
0011857aff0e5871ce5eb429f21cdaf5,431,1,174.33,At Risk
0011c98589159d6149979563c504cb21,393,1,99.99,At Risk
0012929d977a8d7280bb277c1e5f589d,320,1,129.9,At Risk
0014a5a58da615f7b01a4f5e194bf5ea,227,1,88.0,At Risk
0015752e079902b12cd00b9b7596276b,31,1,59.8,Regular Customers
00172711b30d52eea8b313a7f2cced02,37,1,74.5,Regular Customers
00191a9719ef48ebb5860b130347bf33,501,1,47.9,At Risk
001926cef41060fae572e2e7b30bd2a4,381,1,48.79,At Risk
001928b561575b2821c92254a2327d06,9,1,136.89,Regular Customers
00196c4c9a3af7dd2ad10eade69c926f,36,1,22.32,Regular Customers
00196fdb2bf9edfc35e88ebfbcf8d781,192,1,12.9,At Risk
0019da6aa6bcb27cc32f1249bd12da05,204,1,79.9,At Risk
0019e8c501c85848ac0966d45226fa1d,124,1,159.99,Regular Customers
001a2bf0e46c684031af91fb2bce149d,430,1,24.88,At Risk
001a34eb30ecb8e3aacb07c475ca4dd1,53,1,151.9,Regular Customers
001a3a8e11d76c9a366c31a4aa2cc529,105,1,9.0,Regular Customers
001ae44fa04911a9e9577356dce6c63c,300,1,99.9,At Risk
001ae5a1788703d64536c30362503e49,268,1,89.99,At Risk
001deb796b28a3a128d6113857569aa4,72,1,39.9,Regular Customers
001f3c4211216384d5fe59b041ce1461,532,1,24.88,At Risk
002043098f10ba39a4600b6c52fbfe3c,525,1,176.99,At Risk
002311514717ca8b65b09a26cdf7b91a,67,1,116.25,Regular Customers
0023557a94bef0038066b5d1b3dc763e,158,1,89.9,Regular Customers
002471155ecd08d208d1376720e2a907,25,1,68.9,Regular Customers
00256bf7b05c08f6a5849df3d0a64f1f,93,1,39.5,Regular Customers
0025795df7a7d077c4c90162fa820085,40,1,177.9,Regular Customers
0027324a96d26a2bc7d69262f83c8403,161,1,37.9,Regular Customers
0028a7d8db7b0247652509358ad8d755,263,1,274.0,At Risk
0028cfeb9dfcd3628a56d5b6400deef5,239,1,95.9,At Risk
00293787e2aec37a9c253b63fdfe2049,310,1,237.8,At Risk
0029bd580d3012618731f5abb174a07f,304,1,39.9,At Risk
002aba8c1af80acacef6e011f9f23262,187,1,199.9,At Risk
002ae492472e45ad6ebeb7a625409392,329,1,103.98,At Risk
002b4cd83fabaffaa475f78ea5ef3e08,578,1,49.9,At Risk
002bdeb33da5b1b3ce8b9c822f749c82,271,1,23.99,At Risk
002cdf87d4c03f08f7eb4551a923affc,306,1,196.99,At Risk
002d3bd901608f67c3fc11eaaa842b13,230,1,19.49,At Risk
002d71b244beb91ca7030b15ab526446,468,1,115.0,At Risk
002da6dde369f6a8b4c999ed61eb5a87,143,1,44.99,Regular Customers
002eb8b96288f3804e21d2777ac29895,407,1,119.9,At Risk
002ed12115742033f015cb3c269ccf68,215,1,97.9,At Risk
002ef00822613c94613e60e03b169fef,200,1,92.9,At Risk
002feefec5af0a3b26ee7839c66d205e,308,1,59.9,At Risk
003035f5ec76f2220098377482de93c9,370,1,49.99,At Risk
003162bf0351f47a1a247992b8b9b42d,50,1,514.9,Regular Customers
00324c9f4d710e7bac5c5ba679714430,438,1,29.9,At Risk
0032c76b20340da25249092a268ce66c,696,1,128.9,At Risk
0032ca69771a7758ce643258bb9e4ac7,48,1,45.0,Regular Customers
0033f4a2887e07e25aa1204d482f41ba,69,1,350.0,Regular Customers
00344274804f3b8003de1b0562ae01df,55,1,188.0,Regular Customers
0034c76b7e6a17d738375b99afc2f01e,118,1,26.0,Regular Customers
0035029989e6fc5cf030918a5f9f2037,113,1,438.0,Regular Customers
003650b504826ea534e02eba0ab58dd5,228,1,13.99,At Risk
0036a074f98b80c4f1fc33dbbcf9c552,478,1,16.99,At Risk
0036b4a3d09ad551a5188c2e374da402,389,1,148.0,At Risk
0036d365b138cc0ee06bed755bcb5044,214,1,79.9,At Risk
00370dfde3d012c420d29657afc2fc8b,216,1,215.0,At Risk
00377a18050b898b93e2c774be9947db,281,1,49.99,At Risk
0037aa56b017c105c3a9d47af71fff98,219,1,425.0,At Risk
0037d2bbb9ebc39d9114aea27ee16d72,524,1,119.9,At Risk
0037eb1ff742ee2e71ba887f65f3c6f3,417,1,199.0,At Risk
003800162424b7b5b3d75c9cf22a66e7,154,1,85.5,Regular Customers
00391594070baf8603f5fdc1d0c6a48c,28,1,105.0,Regular Customers
003a5571a07dcf09bf117d13d2980ba3,39,1,149.9,Regular Customers
003a7a8eb096ed3cbf713d2def1ca701,19,1,99.99,Regular Customers
003ac9408252444b489b1bfc013f5f8c,170,1,18.75,Regular Customers
003ae409f37c3c30cb1c974af3a42692,18,1,195.0,Regular Customers
003c2067070f5b3d923235b1ea1cc17b,27,1,109.7,Regular Customers
003c457932a554e4df13834237b1ed00,240,1,129.9,At Risk
003d56767e53e08671de00da3fba8d40,275,1,157.0,At Risk
003db7adfcdc49857b095a50191b6c9d,123,1,524.9,Regular Customers
003e28cb6fab8a0901bff9229612375f,538,1,119.99,At Risk
003e2af81ea3c72fbdd093f07724a4de,139,1,48.0,Regular Customers
003f4901fdb60ae9c1e2538b84c208e1,287,1,148.0,At Risk
003fb95e849e71e732629d94bb92762f,34,1,57.99,Regular Customers
003fee4ca17927283128c7ddc6f9311b,117,1,85.0,Regular Customers
004177f7bf62929186b32c7fdaa6157b,318,1,393.98,At Risk
004256f082951ec189a4962b6788c214,163,1,245.0,Regular Customers
004288347e5e88a27ded2bb23747066c,232,2,317.89,Regular Customers
0042dcca0ae57aaec6e808edc31a2d48,274,1,69.8,At Risk
0042dfa8925d6eb23e471ec350454f04,39,1,49.9,Regular Customers
0043d65f8039b4a4d43bc7b0f450ac2c,500,1,49.9,At Risk
00444f48f6c9b55657e49435ce3a97ca,450,1,39.9,At Risk
00446a03d7a34d191507c9e42870d0a5,545,1,109.9,At Risk
004493e0b0a37317d25665d340c0677d,88,1,64.99,Regular Customers
0045e9ad4d6c85d2323a7ab374b76183,75,1,5.9,Regular Customers
0046311f458d8041b00063cb99482903,397,1,95.9,At Risk
0047f3e16441284d757a8963344f6c59,370,1,60.0,At Risk
0048706e497cfba0b689e1e3497bc99e,18,1,69.5,Regular Customers
0048a779a98a7848514096ff04046079,25,1,21.7,Regular Customers
0049a16516d38fc2246696172a257f16,247,1,24.99,At Risk
0049dadc30da6a277c1e9d371df5a66f,446,1,9.9,At Risk
0049db44bfd6cee26ac9c649329ff6ea,544,1,80.0,At Risk
0049ec2d7a5818d0e4b3f4735cec2458,46,1,25.9,Regular Customers
004a432489f6630c6dfd3fc4454603f5,260,1,69.77,At Risk
004b45ec5c64187465168251cd1c9c2f,99,2,86.9,Regular Customers
004b9b1634b7becda8eec4e96bced882,28,1,134.99,Regular Customers
004d17fa2cb102a7c4817f040c884e59,202,1,32.0,At Risk
004df63539fd5e38d4b0a0506de7549c,48,1,949.99,Regular Customers
004ed862ea4e55f18868d3d782d10879,392,1,94.9,At Risk
004f84d065096f3cedd26cf0adc80b9d,130,1,159.98,Regular Customers
00504b68faa074d0f40adcb4f7727f71,22,1,152.0,Regular Customers
0050dcff37f8b9ff611d245e30572b46,124,1,49.99,Regular Customers
00522457bba00bba576a34fd9b4808fd,519,1,103.97,At Risk
005226be8d5b972d0f72b4e8a79f322b,154,1,1561.0,Regular Customers
00539155ce68fbe677934aebdb17e09b,126,1,48.99,Regular Customers
00543330561a9088f8b3879114a7b008,282,1,56.0,At Risk
0055b522bc89cbfbf376d8b59a628470,548,1,328.0,At Risk
0055bbb9c95f6acb8db89d1f6c316407,200,1,68.0,At Risk
0056c2dd794a5eede6164dcae635875a,25,1,129.99,Regular Customers
0056f26cb8f20916c3baa0e39fc30709,155,1,92.9,Regular Customers
005754cb59f8ee5cdbb5cda9d138757e,43,1,220.64,Regular Customers
00575b2023dedcc0f3e81a938834689b,302,1,19.9,At Risk
0057f64bff87f4698b4cbd338d62a2a8,12,1,75.07,Regular Customers
0058e7db269cc11558913b42beb115d0,107,1,70.0,Regular Customers
0058f300f57d7b93c477a131a59b36c3,164,2,132.48,Regular Customers
0059acd36094bf670ec8b21be6c0044c,447,1,29.9,At Risk
005d8faa4cf789cf52fb880a8569880a,114,1,79.99,Regular Customers
005e32bc930906dc6b65fb9d11cce3e2,364,1,32.0,At Risk
005ee3e015ec18092d7782e507cf68fe,336,1,159.99,At Risk
005f060d4223956c62b64e9567a36f0f,103,1,689.0,Regular Customers
005f4b46e70bbd3295a38e2fd28d6566,304,1,49.8,At Risk
005f6fa02633470267dcd1e3ecd0fa79,37,1,199.99,Regular Customers
005ff4ebe100db3eebbe6f7b19a8f99a,354,1,199.9,At Risk
006031108b00e5f73b2426a50b50f9c0,364,1,189.9,At Risk
00605a8897ed9ad73b5c93bebad2541a,161,1,12.9,Regular Customers
00626f29f9b57d3ef7c1739ff03e944e,144,1,129.0,Regular Customers
0062adafa3846d9f372d8f1bde591b24,190,1,135.9,At Risk
0063817060d662048ed08bccecaf45d5,233,1,37.8,At Risk
0064a1b5f5cddd047c987b988a90c8c1,185,1,215.6,At Risk
0064c96f536ac6250275482221834154,74,1,52.66,Regular Customers
00651d97d964127ccfc0e2e55464876d,188,1,15.0,At Risk
0065f6fb341f013a95a8e11cdc98d07a,328,1,89.9,At Risk
0065f7795a38381973a373c8b4939679,57,1,15.99,Regular Customers
0066b328e72fd82fd7420bf849c0e8b4,363,1,84.94,At Risk
0067d2652c12515146721538868bbd80,75,1,169.9,Regular Customers
0068bd2e9e76c018846dbc6e2bec5ac5,68,1,59.9,Regular Customers
006a8c1784d622ebe06bab57e72ee045,281,1,49.0,At Risk
006ab6f5e82340e927757563a9fbe7e4,274,1,267.2,At Risk
006b297ed73773b17d8874a2eb4466e8,146,1,89.9,Regular Customers
006bbb235068a01d2e3e47fa09ccf53c,199,1,19.9,At Risk
006c10bfead12ac8d90486fb4ce4e603,80,1,67.99,Regular Customers
006d763076d74d16d66e828e79ec1544,393,1,79.9,At Risk
006e937bd5a5e32043018a6d1521b5d5,266,1,189.9,At Risk
006ec5b170182812131c7d9b219c036f,321,1,44.98,At Risk
006f2f20cf0cd723624b99d0e8e40d0c,204,1,29.99,At Risk
00704e915ae0d4a236eace0267454cf9,398,1,108.9,At Risk
00705dcbc0b9cad67abd658612770905,23,1,39.49,Regular Customers
00720f160ff500d3605a1bf403eb62d9,107,1,104.9,Regular Customers
00728bae3dec9c16b2193ab7e3195eb7,231,1,194.9,At Risk
00737247e3dc1942da2c527ef3bd2709,162,1,59.9,Regular Customers
0074a1d3f1995ff0538dc7197500973c,115,1,599.0,Regular Customers
00762eafc5dac5fc1574f91e9b7c9b67,207,1,219.0,At Risk
007658319c060f337577e8a1834d5df5,60,1,75.0,Regular Customers
00765d375af0e700f61c57db00a8ee63,388,1,200.0,At Risk
0076a71311bb2386a353f5ba87d2aa29,401,1,44.9,At Risk
00776f3807b128beca64cd0b27138d92,346,1,294.99,At Risk
0077ba3f829303a1dce98552495c91a1,75,1,139.99,Regular Customers
0077dc76aaf02323f03bce9b00878253,175,1,849.5,Regular Customers
0078108af1d2dc4b1601c744ca581b4f,118,1,53.9,Regular Customers
0078bb0f0d23e922d08437b7d0e13907,255,1,29.99,At Risk
007953b3182d5ccc9189a694f5c68163,505,1,99.99,At Risk
00797f371bc0f6adb4d267be541a92da,146,1,53.9,Regular Customers
0079b50e9f77c1148b472818f92eaebc,280,1,24.9,At Risk
0079b7407a428543a7f178cc09164035,277,1,48.9,At Risk
007a2fab7046647dad04fe7d08c57820,211,1,109.95,At Risk
007ad549acb91673f04eac22c0568114,341,1,78.8,At Risk
007b8307b6448f0425ff2001f00c1bdb,111,1,21.9,Regular Customers
007ba48697b079e78f168b051462dd1b,88,1,129.0,Regular Customers
007d9f716ead2bc8712255271a38f609,244,1,49.97,At Risk
007e21b7a007c8f8dadfa43c9d5a91db,176,1,54.4,Regular Customers
0083e758383b3deb6c6dac1b0b431ac0,239,1,30.5,At Risk
00842c7d0cedb9e1edad8e9b7d148f09,515,1,35.0,At Risk
0085139b503668b3addcfe826d91be8d,215,1,465.88,At Risk
0085d749fc64f766ece1729464f8039a,165,1,330.0,Regular Customers
008778a1591d49f6b2464dffaa4fa662,410,1,249.99,At Risk
0087c31081ea8d160baa06bf4ad4d76f,72,1,160.0,Regular Customers
0087eede471173af78d789df249c3a45,563,1,126.99,At Risk
008b06aba4b5f5b5b94f525ccf520624,11,1,67.98,Regular Customers
008b82b072c6b564fcce49a325f84097,176,1,29.9,Regular Customers
008ca52811784a181c8c88e8d66b49db,18,1,111.51,Regular Customers
008d17333e414049279c7822dfd5f019,375,1,114.0,At Risk
008ea5bdd1a99fb584cce7739349da75,142,1,45.0,Regular Customers
008f3d5f45a11059239a5c452cd00006,584,1,309.9,At Risk
008fb2ecc75561d202dd4db2e0ceec25,459,1,32.99,At Risk
009000746b4fc73fe77ecc396fdb78d2,278,1,120.9,At Risk
009062f98089a091615b5c9faa13de26,355,1,16.17,At Risk
009210a1646725341917560a13f7799f,396,1,10.75,At Risk
009231b0ef6a6b4f5a5fe46938827b83,210,1,89.9,At Risk
009301957bc7714394865c44650d8060,436,1,84.99,At Risk
0093aeb87eca387dd153f965aa10c060,285,1,139.9,At Risk
0093c499f4f9c0e169ead490aa62ce3e,447,1,210.0,At Risk
0093dbe7f479386a92095026decf825d,279,1,30.21,At Risk
00941614a654458b888b8780815bd26c,522,1,174.0,At Risk
00950dbc783342e164c24e09023ebcb7,61,1,80.38,Regular Customers
009671b5dc80cdf32aeb5850868ba81c,438,1,62.99,At Risk
0096c18412349537abc45e350581cbbc,537,1,679.6,At Risk
0096c9cb600a08e601f7c2be6734531a,401,1,169.0,At Risk
0096f8cd903cc205efab77d5ae6bb6f1,202,1,134.9,At Risk
00970787f181925ba33bd32b3817f742,352,1,20.3,At Risk
0097c1e3f3c2fed7a7d8cf30be1a33df,279,1,89.9,At Risk
0097fca0db567f5ca79509b7b4fc1c2d,136,1,172.14,Regular Customers
00986cafefb6e670cceca01694bda599,245,1,49.99,At Risk
0098853a28531d48988a2fb02b30840e,86,1,59.99,Regular Customers
009890d2f2b15df1267ed7f90f45fc4e,132,1,79.99,Regular Customers
0098f4847541cc7d676f9a5efc64c0f0,503,1,129.9,At Risk
009a0802534f904b40b9d512b49794e1,290,1,77.0,At Risk
009a3ad0cbdfc7f5481488472f72e8b1,152,1,13.65,Regular Customers
009dd7b313c04f4ccd9d4e423bc04ba7,131,1,79.98,Regular Customers
009e70fcdd4ea3769c73210414e73c64,441,1,32.9,At Risk
009f647a455451d6c325bef96685e1c1,128,1,110.0,Regular Customers
00a02d822b18db532e50e0607e615f3b,19,1,179.9,Regular Customers
00a089b8c7ab1e3808c3ad7de7a254dd,75,1,34.49,Regular Customers
00a1c6913daeda0b7f9b79f802805fdb,249,1,84.99,At Risk
00a1d0d7d91c17c634d6896ce10ce1c6,34,1,95.0,Regular Customers
00a1e8f160b36ccdcbca310933f12a3b,278,1,28.7,At Risk
00a218ea82c458456098caa1c4a7e796,551,1,49.9,At Risk
00a33236962b4ac37fd25275be9c206b,14,1,98.0,Regular Customers
00a39521eb40f7012db50455bf083460,91,2,81.45,Regular Customers
00a3a868d6047bac2888d27b16743ba0,204,1,89.7,At Risk
00a6ee75a90222405df9d8d59babc513,423,1,25.9,At Risk
00a78b45ea275348c1a8081bef9ab61b,247,1,169.9,At Risk
00a7d14cb10e11b7f7d65120a7e3942f,508,1,49.9,At Risk
00a9fd000ff87bb48b989df819c418f5,167,1,238.0,Regular Customers
00aafcd186fbd5da867f9b8df04518aa,199,1,116.91,At Risk
00ab80210f1875276065f3c1911a2110,152,1,25.5,Regular Customers
00ab8b4d83051d5a41842abe7ff473fc,274,1,134.9,At Risk
00aba8ca6b7a455bcde671692a3f9e51,279,1,25.5,At Risk
00ac9cd5c4ad19e16e7c6f6864711737,492,1,209.9,At Risk
00ad4e6c01a3039fa1b45eaadb4222e4,72,1,59.99,Regular Customers
00ad5165112e0e9a91a23b1132716584,523,1,79.9,At Risk
00adeda9b742746c0c66e10d00ea1b74,299,1,2078.5,At Risk
00ae50eb5e1d2514f694dee1dcbbd5ae,115,1,213.5,Regular Customers
00ae9ea276a5a4335382c9391059ddf2,355,1,121.9,At Risk
00af5c2c9fd47849143be82aea5ab2cf,236,1,94.98,At Risk
00b0595d2b0f0b838edb7fbc749ea644,400,1,120.0,At Risk
00b0d21952ae29dfe79db614512a27c2,268,1,399.93,At Risk
00b1066a65657ee1759544f6b61a4e2c,115,1,49.8,Regular Customers
00b1b0f856eb804d554ceab3d8f1dc35,227,1,181.56,At Risk
00b1d2492b4127598629f19a22a32be8,283,1,129.9,At Risk
00b21d737fc7f475c145ca292832385d,191,1,159.99,At Risk
00b246520d4904724f9b20188a2ff39b,92,1,12.99,Regular Customers
00b2ca23369b68c4d4105ecea9c0cb93,31,1,65.9,Regular Customers
00b2ee6366438f46105832fd9acaf56f,152,1,249.99,Regular Customers
00b309d0151d92709de70e43d662711b,326,1,89.9,At Risk
00b5ba65365dad1d25811bf5e45fc983,280,1,89.9,At Risk
00b72937dcd829c0d8ca72ec77cd073c,444,1,120.0,At Risk
00b742e2f6d8fa571cd560007081d53b,74,1,146.94,Regular Customers
00b8076004092a29c2c934570c356fc7,166,1,199.9,Regular Customers
00b9746bf8ac2964942d8b969f015196,32,1,70.0,Regular Customers
00ba737b18a7996f68cb8a99556bedd4,418,1,112.8,At Risk
00bab5c446ba511117719c775a3f78e8,231,1,29.97,At Risk
00bbfe2f540d0cfccbb098d92c503eca,308,1,59.9,At Risk
00bc6cf36e50f21a8478d86721c07aa5,175,1,49.9,Regular Customers
00bcc55fd3eb23fc001365c5f0c3c3ba,209,1,9.0,At Risk
00bd169997f142571c113645554663d6,285,1,41.5,At Risk
00bd194837f2ad36d45985a6205df78a,127,1,159.9,Regular Customers
00bd903b65b4c9a1c822887d0b012592,108,1,102.0,Regular Customers
00be1845d956d40218db17093f667764,282,1,49.0,At Risk
00bee19e1199bc5cede1c674177b9e22,289,1,649.9,At Risk
00bfe974afd63b30ed282dc69892fb98,249,1,99.8,At Risk
00c003ed13c76042b78d53fbc26930d0,535,1,179.99,At Risk
00c04df1c94e385d57d4a33a2965217c,185,1,72.0,At Risk
00c05fe9d2f8b245f1f86fe559175f24,80,1,338.0,Regular Customers
00c07da5ba0e07b4f248a3a373b07476,37,1,2258.0,Regular Customers
00c0bbc49a530c07c110d269211da046,277,1,94.9,At Risk
00c19498681c665889d1212be870e8df,289,1,108.9,At Risk
00c1d73d161e74cfbe78975c1a2ba2ff,129,1,40.0,Regular Customers
00c26c3dd77bb25a0423a2280886b86a,182,1,19.9,At Risk
00c31de6420048cb3f668c99153debf7,306,1,64.9,At Risk
00c3624c55261d9ce593f30e3815a880,533,1,380.0,At Risk
00c3c74b09b2022ac2c0f43bb09797b4,275,1,56.89,At Risk
00c4592dfbfe06775ab582d7a2b8dddf,281,1,55.9,At Risk
00c4d93157cffc73cb2459f52b89cee4,318,1,64.99,At Risk
00c5610e0f4b339cd3b0cc499937db8d,43,1,139.9,Regular Customers
00c605c0bfa39610b994c18f822a6d5a,131,1,119.0,Regular Customers
00c8c7f0cafacc30bfda2a9a7445ec80,37,1,67.0,Regular Customers
00c916ff33b521444787ac76ac6b029d,266,1,69.9,At Risk
00ca7e6a87ceddccce3ff015000be61b,167,1,38.0,Regular Customers
00cac13832bd0a8b6f50f6a36b053223,89,1,399.9,Regular Customers
00cc0061269a99836cf8b029b1d0177d,34,1,32.66,Regular Customers
00cc12a6d8b578b8ebd21ea4e2ae8b27,530,2,99.8,Regular Customers
00cc2d4fcb3a1864b4f900741915aa85,262,1,54.99,At Risk
00cc7c54469f4177319d6bb12e883652,502,1,157.9,At Risk
00cc8551c0621bc65a440e836bb652d7,527,1,79.9,At Risk
00cd1ffd1a85ec2af3de73a3d341339d,117,1,49.0,Regular Customers
00cd767526517f8a4fc27db6cc5a52fa,432,1,79.9,At Risk
00cdb0d59698da325d0e6830120363bf,127,1,58.89,Regular Customers
00cf2f12497614285e5dbfb77d6dd312,138,1,269.9,Regular Customers
00d012266be1430eec790d0f405a836c,136,1,18.9,Regular Customers
00d03b5e33f8987549c5590313a4ef21,443,1,19.99,At Risk
00d079bd851bf5d13879d7a2a3b5ec48,226,1,159.77,At Risk
00d1e5d82377766dac9f8dc4d4eaf4a8,150,1,116.3,Regular Customers
00d447911e5d5ae87480df8734b915f2,32,1,219.9,Regular Customers
00d474cea9ceb88b7175d564b081dfa3,444,1,99.95,At Risk
00d4ef3e086e2191c3fb6e7b0d2a1c75,64,1,47.9,Regular Customers
00d76f8bb8df7e07711da4076c52ffe0,50,1,105.99,Regular Customers
00d7812c158831a996a6b3f4698643b5,14,1,14.99,Regular Customers
00d7e54ab8c5d9916f19209dbaacbb3d,428,1,56.0,At Risk
00d8411c0f5ee4e0a9b8900ea483680e,267,1,220.0,At Risk
00d85302f43fe8848153e3720c34ac01,229,1,12.77,At Risk
00d890d6e36244f39e22a9fb95e68756,208,1,29.99,At Risk
00d8a60ad2500432d9edd109cfddfd9e,115,1,59.0,Regular Customers
00d8ba74be3eee415fe4508fdd325ee5,214,1,340.0,At Risk
00d96f54b90a6ffbe7361bcfdb85b0ba,193,1,99.9,At Risk
00da34ebf22b87f6c2f53dc069f237df,108,1,209.7,Regular Customers
00db0070b3c3bd0215072323c8499407,133,1,334.9,Regular Customers
00db525fd8d4023dc446f0ed2519139f,403,1,195.3,At Risk
00dba3af1366ca8114a40bc83021f5e9,276,1,119.3,At Risk
00dd4390a8e8ad7a126e8331decc49ce,479,1,94.9,At Risk
00df047af693b421c167e27932bfd6c5,60,1,149.9,Regular Customers
00df9d2e50424d103ca8796e4dc7c207,376,1,119.9,At Risk
00dfebc9135c7228dbb2239afc214bb5,282,1,16.0,At Risk
00e04d8e3aaa5ffab327612642ab4564,263,1,49.9,At Risk
00e10a3ff1e104902141546420f5a18b,44,1,49.9,Regular Customers
00e130c15fdc51673742f622aa7eb63c,48,1,99.99,Regular Customers
00e151934c812526b4ed6174c8b7b1f7,231,1,129.0,At Risk
00e20792154788aa00f53fbd616a8d91,149,1,169.83,Regular Customers
00e2972a013072289c3e86cfc2b9e38d,364,1,199.9,At Risk
00e336519abc0012c8711db2132467ac,140,1,113.57,Regular Customers
00e57919b893c89f4d9eee8d06c41f6f,289,1,59.9,At Risk
00e5dfd6ee7406a69b74c72795e6f354,246,1,29.99,At Risk
00e5ea6932dffb682bd3d5760e84d176,341,1,56.99,At Risk
00e5fd621e63c426ef718e2174ebedc5,172,1,65.9,Regular Customers
00e67cd18afc92ef0196eb8cdf31fde0,278,1,30.1,At Risk
00e6c1a9e0ea3dbda699b60023a194ac,211,1,151.0,At Risk
00e707efa5ad9f0e6bcaeeb87910693b,503,1,23.9,At Risk
00e872ca2fc94e59982286e69f186e0e,386,1,399.9,At Risk
00e8cbf31206edcf22b7b118daa13983,228,1,260.9,At Risk
00e8de2edf1a4ac05a65e36b4682cd9e,166,1,120.0,Regular Customers
00e91970e7fa706ece5b58bdb6344224,194,1,25.45,At Risk
00e984e99fdfd52943156d2d7eb4a5e6,32,1,9.9,Regular Customers
00eba9372ced7769c4b9f234923d73cc,277,1,24.5,At Risk
00ec23a308504080697e5204d3dbcb2c,280,1,98.0,At Risk
00ec5df43edcae768361caa707fded3e,266,1,79.0,At Risk
00ec6ce865af3a65e9cca32b180e5d20,177,1,117.8,Regular Customers
00ec821ef89535a690a072e80387b40e,47,1,110.32,Regular Customers
00eca7e1c994897d0a31bf75478f4b55,547,1,327.98,At Risk
00ecc71175078e2cac5547a5656e9622,449,1,219.99,At Risk
00ee11b831faa111cd62af2f4de8da96,127,1,16.9,Regular Customers
00ee7af62ef66b1f9b49f2c2bfd70ad5,36,1,129.99,Regular Customers
00f326313b0a02392c17028f78338df0,14,1,24.9,Regular Customers
00f7a39823c05d6a0675aa6dd276bfb0,11,1,29.99,Regular Customers
00f8151e6b5d1b3710527075ef845a88,236,1,150.0,At Risk
00f8fcf41cceee827e699cc73950218d,103,1,69.9,Regular Customers
00face5c8f7dbb7eefd4112722f26903,178,1,19.9,Regular Customers
00fb8f6787f67bd33c7e86c9691d2b1c,230,1,247.23,At Risk
00fb957ae14ffd35a3211d8aa6d9cf9c,107,1,43.49,Regular Customers
00fb9cc86736fe3782dbc828a2eea4a6,256,1,79.0,At Risk
00fd18b088edb95d1a35457f1c0e1bfa,92,1,89.99,Regular Customers
00fd4a627a3b93cff0729f0b3554640d,29,1,171.78,Regular Customers
00ff5e862f825ac56e5fdfaa6b69dc51,131,1,35.9,Regular Customers
01007c64cbffc1eef7ee682dae0ddbfe,43,1,179.99,Regular Customers
01007ebf75cabcd9d81d1aac37b278ca,143,1,60.9,Regular Customers
01018f26fb8b8a922c025de40a85a553,239,1,199.9,At Risk
0101da21926315ddd81d190e0ec40440,312,1,139.99,At Risk
01020c5b6024bc1cf2a3228e566bafb2,373,1,99.9,At Risk
01027e860e6fb9591599d94a4189e2ad,103,1,91.3,Regular Customers
01029081d0cfc339576f71ab45713d10,106,1,27.9,Regular Customers
01029c2615eacab8d39f0450e6b0bef3,395,1,205.0,At Risk
0103751df12aea8b962cfbcd2b61104c,464,1,19.9,At Risk
0104a702e0f73442fe4dc3bfff6ba373,147,1,259.0,Regular Customers
0104d0840fb6bccc7618c519fbcce1a0,11,1,116.9,Regular Customers
0104d8ef04b9df2891e69bc0e2e6dca4,507,1,430.0,At Risk
010513009a288e24dbbc8183d5bcd4e2,370,1,42.0,At Risk
01051cf3719a23faec8b2307b369faeb,463,1,129.8,At Risk
0105c53fe2f742999dcb90ca99f4bfba,215,1,16.9,At Risk
0105f445969ca7b8fa2e354bec7a95bd,287,1,139.99,At Risk
0106cb3b85affbb1c765eef0eac01485,369,1,49.9,At Risk
01093ce2e3723bdb8de583346d76098c,166,1,29.4,Regular Customers
0109643e8c9bc5d8d7791439f3fa4259,241,1,40.0,At Risk
010a0365ab237a5e2fed9d945121b627,50,1,50.4,Regular Customers
010a81611c87c7e19c18f303e39973b2,319,1,147.9,At Risk
010ab6653f042ebb8e430f1718f61147,141,1,24.9,Regular Customers
010bcf93b3363ccf249034e7250266f0,387,1,79.9,At Risk
010c88e815c8386129e0762691851850,349,1,197.8,At Risk
010d09c16c5fee11226ca7c5492892de,282,1,171.9,At Risk
010d3cb666c64c115a144d3e6fcbd1d8,322,1,39.0,At Risk
010fea34d64c9fc635cebbe583f5104a,159,1,92.1,Regular Customers
0113282a7fe79b3d8489193ccc601efb,168,1,118.0,Regular Customers
01147fb2cf81b69cdcfdc1ac4c6fae7e,184,1,97.0,At Risk
011509f63f565e822767bfb89c3cf9b7,481,1,26.69,At Risk
011575986092c30523ecb71ff10cb473,137,2,182.9,Regular Customers
011620d7c45f4d1599c68b2f19e4b73e,224,1,12.25,At Risk
0116dc6ddf277eb8413a0393cca11c32,350,1,38.6,At Risk
0116f610fa1418cda75e0d96e1639a03,411,1,25.9,At Risk
011702c19fd5dec0000a8dbbb5b98809,273,1,139.9,At Risk
011733687890faf081be6fde9e7cc7a0,73,1,49.98,Regular Customers
011735b41c89ca1e075296f4ecb01a27,293,1,29.9,At Risk
011784926e81122b1abd0210b5888c22,195,1,317.9,At Risk
011785063c56f2c239064f603bf02a05,244,1,139.0,At Risk
0117fb2675e2936a2e96dee22e8c992b,111,1,74.99,Regular Customers
0117fc67656c020dddef928c878ad5e3,51,1,65.0,Regular Customers
01180926dda31d9e6f60befe084788dd,200,1,65.0,At Risk
011875f0176909c5cf0b14a9138bb691,533,1,3999.9,At Risk
01196e80f5309cb251220a6a5b3f57f5,152,1,14.9,Regular Customers
011a18cf4e0e74bac46678dd843e3461,323,1,39.99,At Risk
011b4adcd54683b480c4d841250a987f,199,2,183.43,Regular Customers
011b7396d7220ca4ff52508adcb6b870,234,1,29.5,At Risk
011c3e6b4b11fa8a326a39e78deb6e66,544,1,7.87,At Risk
011d6505c026d200e75cb0b6c47da758,267,1,64.99,At Risk
011fd4914a2d19b2a0e50c29cea5c6a2,484,1,229.99,At Risk
01202da9afa875bce3de24c92b764099,332,1,29.99,At Risk
0121107a0cebf91b6af74f8a4ab3c4d9,280,1,18.9,At Risk
012216caf4f1082ba3fc02e584de9a29,320,1,82.99,At Risk
0122d73327d9135f8088572c7d7f5d54,360,1,49.9,At Risk
012452d40dafae4df401bced74cdb490,111,2,427.9,Regular Customers
0124721bc33e0aa6772b42d4ccfd01db,445,1,84.99,At Risk
012510db7f0db8481f8a3708400c8db9,550,1,99.99,At Risk
0125200158c999d5813b11be482a48da,121,1,69.9,Regular Customers
0125fb08af5c9dd55731090aafc63ac8,200,1,72.9,At Risk
012714eb883337fd2631c13d2daf4466,152,1,79.99,Regular Customers
012755131a5b785b0ae3291c339a9051,162,1,358.98,Regular Customers
01290b6163d2a02514a54df49221a668,337,1,79.9,At Risk
0129147743b7712da1c4a55a59d0fb16,188,1,34.9,At Risk
0129d48dce554d95f641d01eaa88904a,171,1,1390.0,Regular Customers
012a218df8995d3ec3bb221828360c86,76,2,1429.8000000000002,Regular Customers
012ab8ee5f7d76005d838758e9a9452c,13,1,29.98,Regular Customers
012b41c1dae00a092474ca48dc764a00,41,1,318.0,Regular Customers
012b8001e47392df808a454083a74b74,569,1,65.6,At Risk
012ba82b3ff6ea994a4ecc6c848a4782,150,1,49.0,Regular Customers
012c61cc2c69b09c85071ccac0ccee16,373,1,59.0,At Risk
012da9594b65ccb990822802ba0ff2e4,144,1,63.9,Regular Customers
012e12f54f6e73b1faba89a119dab849,581,1,87.74,At Risk
0130a250cff3b3b0649cae3671959139,188,1,33.0,At Risk
0130baad44d0ccc44bc7526c1ac18c64,44,1,228.0,Regular Customers
0130be8e6677174b8184114f98c16b3c,507,1,99.99,At Risk
013341d7f8accddf42fc02f001ad341d,370,1,610.0,At Risk
0134417784b9f85470e635c063152a71,134,1,134.0,Regular Customers
0134caf89be2059cfd79af28d8bc1e7f,76,1,46.4,Regular Customers
013523c76f4749da72a9ccc4a67cb234,355,1,29.9,At Risk
013689381e404bf6304f57bab4b8f01d,36,1,319.79999999999995,Regular Customers
0136e40591d769adfb219f167a691487,348,1,42.9,At Risk
0137420de9b02a180c53e5bd64f14750,199,1,49.9,At Risk
01376b24e146a15f52ca8382af02fe62,422,1,69.9,At Risk
0137839e600d4edd0949a8ce7c171164,264,1,129.9,At Risk
013802b3b98584222c1280e654a655b1,109,1,113.9,Regular Customers
0138dff42973f40e8f5225472526f278,126,1,149.9,Regular Customers
0139884762afa50d78fe480646fe92b5,488,1,49.99,At Risk
01399b72331afe80cc0c3a982cafb177,57,1,22.49,Regular Customers
0139d2cb6ca3b630b5833d49634d328e,290,1,120.0,At Risk
013a435769899074c568863694560449,159,1,987.0,Regular Customers
013ae505c83f5fb1905ed23afdafd3a2,309,1,110.0,At Risk
013b6090dc49b5fa51196b20ec11f19c,209,1,9.9,At Risk
013dd47ed31ce4de00cb434b2cae5386,143,1,117.3,Regular Customers
013ef03e0f3f408dd9bf555e4edcdc0a,45,2,226.34,Regular Customers
013f3d6549189a4802a268131ef47a77,325,1,81.99,At Risk
013f4353d26bb05dc6652f1269458d8d,278,2,276.9,Regular Customers
013f66477aa3210eb05fec3fa184de33,223,1,89.99,At Risk
01413c132b54b9b7dfadc2ee71ef78c8,298,1,34.9,At Risk
0143a04eabe01ceb3a9fe2dde984e2b0,95,1,157.0,Regular Customers
01440d8dea55a5d0ed27d26c41044761,204,1,155.0,At Risk
014410afdd8e0393ec17e9d8488449e0,191,1,699.0,At Risk
014593e48e9119391b9c70206fcadca8,345,1,129.99,At Risk
0145b1b14166b43baa374daddffca8fd,359,1,19.9,At Risk
0145bfdfe85402b2249c7437bd297a07,323,1,56.99,At Risk
0145c2c66ea8f764ed8d8015ce149af7,48,1,17.0,Regular Customers
0145fc4d376df22449756022b9ccb472,94,1,19.9,Regular Customers
01462a1d33f1b303bead3ec1ae2c4f7e,55,1,79.9,Regular Customers
014644ae002bacd78bb05521f7e9aaab,177,1,12.9,Regular Customers
01469c41b00bb21cd01d2104b8e81384,568,1,89.9,At Risk
01489018af4a609acb2fa2634c9ce643,26,1,58.99,Regular Customers
014ce9c0a3df00f77a6932a7b371a3bc,6,1,15.9,Regular Customers
014dc284927e986549bf255eb79eb3ab,248,1,129.9,At Risk
014dcb5d582d60bca6a379e45a9041da,212,1,11.89,At Risk
014e4042a6b3ed0b1a6cd14c7639bb84,152,1,219.9,Regular Customers
014f7e8caea3379aa3d30558424ca54f,69,1,37.9,Regular Customers
014fa2f37ee690774a7505252a28daf3,529,1,24.9,At Risk
015124b67936296eb7250b38c906a627,169,1,39.0,Regular Customers
01512524d623f78040531c0d8e20a772,322,1,72.9,At Risk
0151b5ff5b5d642815f094f303e7052a,514,1,35.0,At Risk
0151bcc17b8ae63a495b6c9fe6f708a1,177,1,69.9,Regular Customers
0151cf157e4682357e62be311f4823b7,280,1,79.9,At Risk
01525fe1e0d8e9616b2503260671d20d,23,1,69.0,Regular Customers
0152897024d0ddad70baafe17ed705f4,171,1,74.69999999999999,Regular Customers
01531f72337b960a58cdba9c94e96d1a,300,1,29.0,At Risk
015366a7c13024e36f1f125d8f9a9e67,530,1,177.0,At Risk
0153b79c47a4953a7dad6fb93ab45a02,329,1,193.0,At Risk
01541e2754a6e7830b2871d7191d27e2,22,1,35.0,Regular Customers
015546ec984c58044b2a1304f24193a7,215,1,79.0,At Risk
015557c9912277312b9073947804a7ba,489,2,289.9,Regular Customers
015613e1b7c050cd2331d34076fce1c6,155,1,78.0,Regular Customers
01561f92006fd3ba8a8a4246b7f38101,326,1,119.8,At Risk
0156e3456c1959644b2da32c2cee358c,31,1,69.99,Regular Customers
01575c2596c13ff2422df080a71b481b,306,1,50.0,At Risk
0158b70c1d28da409abddfcaa5f0801a,494,1,59.9,At Risk
015906d05142c9dc02e816c29c044bba,237,1,289.0,At Risk
01593b828c6e7c516ed078a4820ab9b2,58,1,31.99,Regular Customers
015aba8b6e516fbf6ee76c164c11987b,190,1,69.9,At Risk
015b72d1a4ec2bfcf75518ada117c62b,47,1,229.98,Regular Customers
015ba10edbe7988bff82867b4480c225,429,1,248.0,At Risk
015cd0b039aa3b36cf78f41d8f54e3d0,188,1,82.8,At Risk
015d45ef9d6462cf0d5f062c54f26941,225,1,189.9,At Risk
015dc4d69b97b8784298de6c9484797b,331,1,89.0,At Risk
015e470a59ee1adbb4d6586fd90e4c52,205,1,49.0,At Risk
015f170c7abe45372b9f0414d901e71b,290,1,58.0,At Risk
015fcc1fe9d3319fb41b08e986684598,435,1,269.99,At Risk
0161783a9f93dcefde5ea508501713b2,331,1,22.5,At Risk
0161ede24e46b8e50ed493e5f8b3b305,270,1,69.9,At Risk
016201b260065cecbb315f4de0b0dc76,282,1,139.9,At Risk
01626676a41ff29901f7b42bc8e09dd8,177,1,38.7,Regular Customers
016547a638c42ea1061a1400eab339d2,216,1,49.9,At Risk
0165dc4e0c64d7c1e17757ab8676f213,94,1,99.9,Regular Customers
0166e2f8aaec14c93d23dea2523beac5,78,1,185.0,Regular Customers
0167a6f5d58d5632b42c44e7f66f2abf,229,1,389.89,At Risk
0167f525469634cccbda49491f01324c,21,1,55.0,Regular Customers
016846e2dd862cba9a2a10eff5ac244f,478,1,399.98,At Risk
01689985c22786e41347d5167048b25e,44,1,269.70000000000005,Regular Customers
016a461e59c71a989c278fb565441696,390,1,200.0,At Risk
016a528e7cb02b29de37ea55cf89b9d1,267,1,13.65,At Risk
016a5760b723a3a0bcb4b294d4bc6b45,55,1,199.9,Regular Customers
016ac660c79288138b5d6d3570eadc9d,270,1,70.97,At Risk
016c60628fc64e15fa5990e58a0b57c1,409,1,229.74,At Risk
016dc4411329d2b3292a0fbf1402e95e,75,1,209.99,Regular Customers
016e32e564ee03416c6f73e44a4e802a,539,1,69.9,At Risk
016e68615e12298a0a004a44d3b78579,87,1,49.9,Regular Customers
016feebfaba953a2456d3a063b8eb8ef,566,1,49.9,At Risk
0170c406cddfc9a551a3f8045379afe5,193,1,57.99,At Risk
01726e5d6a88d1a8dffd9578872ce54e,200,1,779.8,At Risk
017500c32b7353decc3a3a4d91acd0cc,214,1,87.8,At Risk
0176190d05dbc46f20484610a0a0e1fb,493,1,289.9,At Risk
01762637819e8e1cb4093ff1589b0f00,241,1,129.0,At Risk
01769144da2a7ea21cc6163452b5824d,175,1,49.9,Regular Customers
0177c9c4715fe173b9c26fdd95a94579,281,1,109.66,At Risk
0177f6975b155c814ea6273eccc58d82,184,1,217.0,At Risk
0178b244a5c281fb2ade54038dd4b161,36,2,208.88,Regular Customers
0178df128a2cb4f9914c8c3beb8a57f6,266,1,18.9,At Risk
0178fa4e501691dec0663f439950d4de,201,1,23.8,At Risk
01798446b9d249eb006931079a273601,51,1,69.5,Regular Customers
017adfe7897c78902d9f7d58cd855990,383,1,239.9,At Risk
017ae1edebbc1749a64a520e37633c3c,124,1,399.0,Regular Customers
017bddd3844cbc8c9259179f66786333,219,1,159.99,At Risk
017c17dd6f2e7859373a5724b863801e,241,1,86.9,At Risk
017c477c81dd0f10726f7828f0475c0e,138,1,51.0,Regular Customers
017c4e59e1a95482f32f65e03a46af95,108,1,69.99,Regular Customers
017c5a91ab1759799a4d68be8091b8ab,130,1,68.8,Regular Customers
017c61c786dae249f339e690764ec7e6,332,1,55.0,At Risk
017c7f75ca30943882f48d5fda81e2df,351,1,139.8,At Risk
017d9afa17ebea3b2a7c03ed6bc954be,414,1,29.0,At Risk
017da2695c69ee376b8b4220cf0f61ec,76,1,57.89,Regular Customers
017eb8439a0ca7dcfc228f933bd204d8,187,1,35.0,At Risk
017fa9ba22880652e440025a91d5a66b,377,1,26.9,At Risk
017fde295de136549d89d951da362287,415,1,27.8,At Risk
017fe3adcd1989f1ea8bac1848bd1b94,97,1,30.0,Regular Customers
0180d29fed77d26d59490f37198514a1,62,1,60.0,Regular Customers
0181f57a87c6a2f0e0fe2807f67aef0e,480,1,13.99,At Risk
01835b7ef446c78d0c37077894aa068d,152,1,55.8,Regular Customers
01838e7d69d87bd8ff2b6ff06789adfb,589,1,126.9,At Risk
0184070f27c13c909a1de7b1b059b496,232,1,139.99,At Risk
0185135ffdd866d3a29efa833ac0829b,176,1,69.9,Regular Customers
01858f2fad256b1689f5bdafc059f745,33,1,1799.0,Regular Customers
0185fbd2271efbc59bbb96ad3e99a7b8,137,1,22.0,Regular Customers
01873d3c2fc620aa701e30d2c4181673,145,1,44.9,Regular Customers
01878328db858b71da86bdc8966ea729,109,1,50.0,Regular Customers
0187e88f4c9b2e4c92e5d47ffa0e1da9,192,1,64.9,At Risk
018864afd6d3af6af6e3cf1245fc5ff8,114,1,9.9,Regular Customers
01886ef98f995e4f2dd75a1d04c97397,177,2,41.260000000000005,Regular Customers
018875156db79cf3fb697342f256c329,423,1,45.0,At Risk
0189137aa093295df2116467b8201d66,330,1,35.9,At Risk
0189334b410cf5340ba839359af8a959,294,1,190.9,At Risk
018974568b0b5a8c395465dee270c3a9,404,1,34.99,At Risk
0189955e61056a22dd6e7cb03603a149,451,1,94.9,At Risk
0189cca3aa2a0f75ca0cde94ee38be57,454,1,84.99,At Risk
018ad5828f8f66b69604caabd0aa78ca,546,1,19.9,At Risk
018b0a8d048e41f2d1f55e56dcbd335c,405,1,179.9,At Risk
018b5a7502c30eb5f230f1b4eb23a156,378,2,79.98,Regular Customers
018c9bbd7d61c91f2abf3cd77b5010ad,230,1,80.0,At Risk
018ca9b2c9f793a0e43e75d6a3eca86a,214,1,87.9,At Risk
018ccb97f791b89dc7ae72b4a114b00a,275,1,199.99,At Risk
018d9881368d5098100c2430b8ed8bdd,193,1,33.99,At Risk
018e2017f47d05d438effa6d15061c2d,262,1,29.99,At Risk
018e7e423aa73a3d7183d8c7c7a7c50d,16,1,29.99,Regular Customers
01922cf678f7c6d925421a273a885fbf,68,1,89.9,Regular Customers
01927626c24c5826ceb6ca6b2797fd60,165,1,259.9,Regular Customers
0192a97d19fd891f0a4453609753b886,75,1,99.9,Regular Customers
019322e670d197f31413176b865880fd,432,1,18.99,At Risk
01940bd0ea09e8cbbeb24452e58dcb0e,47,1,45.8,Regular Customers
019441bdb2c9b0b1990cac725c427960,111,1,118.0,Regular Customers
0195b599954bfa2cfac327dd3b35a877,135,1,159.9,Regular Customers
0195c54646cda6452f5e1a0474f3b502,116,1,49.8,Regular Customers
0196285e88e29cdf2c0afba10cddd9f0,47,1,22.0,Regular Customers
01977d0ffb59b3b64796aeec649edec8,324,1,147.9,At Risk
0197bf8828afdb5ef6a6f7446a52607e,340,1,159.0,At Risk
019890d2ead42f267a2c66919d9dedce,237,1,179.0,At Risk
0199358f4d397a51c763be597977ddd1,45,1,94.99,Regular Customers
0199360d5869b53eece5870f3bd1ef0e,470,1,740.0,At Risk
019954cc9c2ceb2084881eefdf48f0f9,340,1,89.0,At Risk
019ac5580a897d52e5ed6f7ed89ade27,361,1,1287.0,At Risk
019c20bc411068e6f296cd471ac8425b,290,1,53.0,At Risk
019cd54cc450bdfb2de3e83dced0c511,397,1,205.0,At Risk
019d47513bb1164cc83fc2d6d7123ef8,569,1,175.9,At Risk
019e6c1c524669436535388a1cd5cefd,402,1,369.9,At Risk
019ea19e666644625032de5efe2ceb71,111,1,82.76,Regular Customers
019ed386aec9ff0f9eab4a590231174e,33,1,839.4000000000001,Regular Customers
019ee3ac31baf4383471c760125e2977,11,1,30.0,Regular Customers
019f29cee4d4031f59fed390d3cd0bc7,427,1,74.9,At Risk
019fcfdd0b0ec239cc2b536428064c47,54,1,311.9,Regular Customers
01a013f2d3d7b0fa074a09d3e6e7b611,507,1,289.9,At Risk
01a0f3dc3a406f7fc8593565e1a50b4f,406,1,18.9,At Risk
01a17507586f0f10f52e7e86ac73e1f7,72,1,479.0,Regular Customers
01a20270c305052404127be803843f2f,455,1,149.0,At Risk
01a22e2079ea71e17313b88e5811e54a,223,2,142.0,Regular Customers
01a2ad01e93ccfaf7eaff9bda6f2320c,169,1,129.0,Regular Customers
01a3427def071b9efaf74a817c4e023b,465,1,16.5,At Risk
01a379e7c61f254c6c1bfc842b4d9416,315,1,24.9,At Risk
01a4788c8bd6d0d6a5b16ccdfd393b74,86,1,64.0,Regular Customers
01a4fe5fc00bbdb0b0a4af5a5345cca5,94,1,399.0,Regular Customers
01a551a1f8c7955ba259897b2e3d2e30,11,1,40.0,Regular Customers
01a6d398ee25ef8ce7ace2d3620ce248,167,1,49.0,Regular Customers
01a7888cc755d6ad17b03de5f5543641,220,1,69.9,At Risk
01a8574d68d5a495ebe94a4790f6fe34,280,1,118.99,At Risk
01a8a2fa13dad647949ff57927e63b0d,521,1,42.99,At Risk
01aa30b6c0412a1548fc29e2c98033cf,284,1,269.0,At Risk
01aae089a9f716c2d948a24c5406603d,283,1,69.9,At Risk
01ab4b660bfe57375e0486a07bbe31eb,157,1,78.0,Regular Customers
01ac1e0b4421bb9946e56692e21226f0,150,1,53.04,Regular Customers
01ac33544e5b7d1e79f7d69a065282f3,67,1,60.9,Regular Customers
01ad914ceb44eddfbf992570e6a5ef49,70,1,79.9,Regular Customers
01ae3897d0da657af5dc0b0dab9df7dc,243,1,24.99,At Risk
01ae92e9e94bec47e10ef885402cfe54,282,1,127.0,At Risk
01af16b985b3ad90d75333691e2da6ab,202,1,30.99,At Risk
01b0d417af24703a0b20cbe71f354285,561,1,64.9,At Risk
01b0e04852a70de5404609e82e8fc0ba,237,1,98.9,At Risk
01b0e4e53ea06107438b0738d8d670e2,220,1,219.0,At Risk
01b3e064c4fc4372a269bdc02c131850,6,1,274.9,Regular Customers
01b42ac9d3801e6edf67f7a95f04a838,27,1,59.0,Regular Customers
01b466cc9a9e663eb04f4b8890dbc5f1,325,1,799.99,At Risk
01b51b6ca4757ff714f2a54043e5c7b4,236,1,129.0,At Risk
01b531d9fa14ce8894156d72f7ee8b92,389,1,106.9,At Risk
01b53609a2d3710857e22775bbf8ec0f,108,1,79.8,Regular Customers
01b6eceb8d393992f590cdb60a41e388,330,1,39.9,At Risk
01b7463b1d6850a0ddfb4a93e05d0671,473,1,103.97,At Risk
01b84e3fa2897be6eec7fadddb3d56f3,312,1,98.9,At Risk
01ba3180d3c6e7a6e269c5a542985423,193,1,92.66,At Risk
01bbbfc56b8ec1052e46f260226e34f9,153,1,239.97,Regular Customers
01bc72407ac3ab328e54938f599d2231,82,1,12.0,Regular Customers
01bc9765e0b1cbb83ec85d576ddc4ef6,18,1,199.99,Regular Customers
01bdeb2c0f524bb2119a8c0cd5419f5f,246,1,69.99,At Risk
01be09e08ce97be4356a7c93bda4ee70,472,1,39.0,At Risk
01bf812bfa21271c91dbd9bcb9fb055a,84,1,119.0,Regular Customers
01bf87cfe6b10b53c057c03b9e7d034f,319,1,39.9,At Risk
01bfd443225216fd172d2af98ae80068,180,1,129.0,Regular Customers
01c12b236caa6f6d630b985da0ab5d30,377,1,89.9,At Risk
01c1529c867b31e5b6c34ad4ccaab314,29,1,59.8,Regular Customers
01c15633aa5baf9c6d2685354fd82747,419,1,89.9,At Risk
01c19b1261325781dcf2f82c9892f80e,115,1,105.0,Regular Customers
01c1e31277120e8c6360c6448cbd4c80,209,1,89.9,At Risk
01c228e91a729c993c054756eaeb680c,271,1,16.99,At Risk
01c289bb06354cdc7e6549570f20ada4,250,2,139.98000000000002,Regular Customers
01c64acc2efd27442844ed61dd9981cc,138,1,19.99,Regular Customers
01c6812053d3159e3f8f0a3d92af3cc5,297,1,109.9,At Risk
01c75ebaa6fd123179cc3898fe4d24c4,24,1,74.99,Regular Customers
01c7e32e214b3b0c31b7460a08e89ec9,73,1,14.9,Regular Customers
01c849814dd6cd478f0ee6343414acb7,52,1,99.99,Regular Customers
01c92cf65b66be2fb861a163d4830f5a,194,1,110.9,At Risk
01ca0680cddb7f4c71e3235f08cd16a2,113,1,24.9,Regular Customers
01cad597bb1c8c79b2115a6204ab7f8c,264,1,79.9,At Risk
01cbe0a1a969bf0936fd97298ae18cc8,119,1,145.0,Regular Customers
01cd1ef6c24558b19ce2dab8801fabcb,165,1,674.9,Regular Customers
01cd5bbfc2ee49abdafb429522b93fce,318,1,7.5,At Risk
01cd6609264361aaf702ecbee2641cea,131,1,69.9,Regular Customers
01ce78f7a46aaaf7a9d1d2b86224ae38,166,1,45.99,Regular Customers
01cf4a649781b563f650ce1c18b19be6,85,1,28.9,Regular Customers
01cf555dad51551a56a1bdc9fbf2acd6,472,1,101.0,At Risk
01d0f02781924f788fd9d0521663fae0,441,1,39.9,At Risk
01d1444a9676bab441621b52773035e9,287,1,139.9,At Risk
01d4133dfc24adea1d8d8b7f5ee44aa4,292,1,89.99,At Risk
01d46b5cad3cda9c22f52df41197a671,508,1,29.9,At Risk
01d4d353f424ed250bf892af49d30abe,312,1,89.99,At Risk
01d540906498d52fa3b7f10b5ce735b2,48,1,79.9,Regular Customers
01d628fd151ab84d5063f2dc5c92a118,211,1,52.5,At Risk
01d78a7d654c0b1ef85977c306d0f60f,174,1,119.9,Regular Customers
01d7b0d6f8958188afa680d75dd47919,69,1,155.8,Regular Customers
01d8df79b0fe245a03928d53fc25c223,391,1,119.35,At Risk
01d8f02b7ae915fddc5736ecdf613cd1,230,1,97.9,At Risk
01da270abab6215a40467414afae12d1,33,1,139.98,Regular Customers
01daeb09de8f07882ccd4319ffbc4693,280,1,30.0,At Risk
01db45606d08e66e2c058ad2f08f5b34,33,1,65.0,Regular Customers
01dbf5ec2334d02e47a8167d3c2e0837,120,1,36.9,Regular Customers
01dd34b5f4cee2a48f03ba1cce8c592c,16,1,74.0,Regular Customers
01deea8faf538e657bf2b1cb6b6c24f1,344,1,22.99,At Risk
01dfe4b4e19154abdebe71e50f52f88d,121,1,105.0,Regular Customers
01dff584b4563da3703fa375287a3a69,193,1,215.0,At Risk
01e0008efc8b3804e274ff934ba017c9,554,1,69.9,At Risk
01e019838e4e21dd66bb6f69352334f8,274,1,359.0,At Risk
01e123d7c7cedf12af483fc17258b9ce,86,1,790.0,Regular Customers
01e4cddc3a56ea6684510cf09f4d0411,236,1,23.8,At Risk
01e4f76dbf261176b87ed09f6803c596,180,1,369.48,Regular Customers
01e66e20cc67536e6fa27878ed07ad0a,215,1,19.9,At Risk
01e80828765c999c3f5a7713f3912309,468,1,28.28,At Risk
01e8bcc3377762cf85025138b2901947,501,1,189.89,At Risk
01e8feee57ec1b6447fdd4fbea8093cb,214,1,122.99,At Risk
01ea2467bec4e5ba6c007621c7df3bf5,12,1,49.0,Regular Customers
01ea7dfdac01a4e8fbe2902b73510b20,205,2,173.9,Regular Customers
01eb9d565f58fe2b55946b72db045556,145,1,109.9,Regular Customers
01ec28844a316ded17fa50fd28b98123,184,1,104.0,At Risk
01ec66cacd4c45d04f9ee2a1c25bb20b,550,1,68.0,At Risk
01ecc1f1f21f05d0736c99d92646f132,387,1,49.9,At Risk
01ecdc37f767e85f5b3fd2310a289253,19,1,659.99,Regular Customers
01ece9ffbb6a00db5549188bc410e878,350,1,105.0,At Risk
01ed8df97a21e2f15521f9758554b32b,418,1,44.9,At Risk
01eec5acca315fa22d30315944c65536,180,1,188.0,Regular Customers
01ef3ec35f556231aee2f73e8bc6f8a0,333,1,219.9,At Risk
01f156677184504063bd19739f924af1,692,1,739.98,At Risk
01f163c912209bc42fd9c0e169e8039e,71,1,28.0,Regular Customers
01f173d576ec0a01bbe13dccf0942696,335,1,157.77,At Risk
01f1af590b3fa6e09ee79551635926b4,279,1,246.62,At Risk
01f2285f85a1c603eb7ef755ad311769,94,2,428.0,Regular Customers
01f2c78d8578f27b62ca1186752e1532,276,1,369.0,At Risk
01f382f4c95df31e05e27f1151a015a0,346,1,99.0,At Risk
01f492ebceb9747c71cb86d983afb9e0,193,1,28.49,At Risk
01f6fa760c8cee5fef785c7a73321534,280,1,598.4,At Risk
01f7f7e1b4aefac99dea303f9eb5f7c4,143,1,79.9,Regular Customers
01f9585695ca0cb669ddbae22f6ede43,33,1,219.99,Regular Customers
01fdfc6e1f85ad504461c6699adb246c,268,1,13.65,At Risk
01fee81dfa09d00693bbb79aaf922f89,466,1,240.35,At Risk
01ffb8ddbd9e1167659827ed1b9b6ccf,45,1,69.99,Regular Customers
02022a08ed3a2e736777b7b71389c62c,282,1,24.5,At Risk
020299859eabbac628a0b2d6ea22bb9d,39,1,99.8,Regular Customers
02029b32d4185a32a888c3f2d4d8839f,276,1,129.2,At Risk
020311f9fc67a990f3d43b481398a259,165,1,44.99,Regular Customers
0203cdea5911c033017b1b2bb6dbeb33,165,1,112.33,Regular Customers
0204f3da94dadaf3fa21305413e02d63,234,1,73.5,At Risk
020504cfbef989c034f403ab0076c408,282,1,231.7,At Risk
02054940ff45a170ddd0acca60575eea,220,1,224.5,At Risk
0205ecc1296100f97f4ae03e22643b8e,117,1,410.0,Regular Customers
0206119a2f332d97fb68a9c1f592b2dc,452,1,62.9,At Risk
02063d3c56dc62e17f57cdd78c4962ff,25,1,37.9,Regular Customers
0206671ca1e6cea41033a21774bef222,132,1,69.0,Regular Customers
02068e4fb8a2f9434c60eb29751b0783,130,1,77.9,Regular Customers
020747bd836e23bc8e3692937ad85497,75,1,30.9,Regular Customers
0209a0a5c96cc50dd1bbe71e3730af2a,468,1,169.8,At Risk
0209af58dcd97d6ff5bac3f5fdfb8c0e,31,1,78.0,Regular Customers
0209cc2349a03f00567bb9d24a459829,443,1,49.9,At Risk
0209f290b5451d357308bc0e90521026,42,1,572.64,Regular Customers
020a1ffcfaf43c6003111eaa33faa6c9,516,1,41.8,At Risk
020aa2d69bca8c7a0b3da5f8e602c26d,389,1,89.99,At Risk
020ac38b920d61317bc3e7e2d1e3602b,357,1,65.0,At Risk
020ae51ab502504a00ab6ccbac53bfa6,19,1,799.9,Regular Customers
020b824fa9ea4049aed3171900d41e86,125,1,59.8,Regular Customers
020c0844de3cbc0e65fe2cd62ddbc985,142,1,106.0,Regular Customers
020de21f006326d43b15b28e073f8b4c,76,1,150.82,Regular Customers
020f91981e05247250ccaa0ba69364d6,348,1,117.99,At Risk
02105a58e384edb89a9827dfd3b8173b,169,1,116.99,Regular Customers
021109bdb16fa17c2463cab87da314f3,235,1,100.8,At Risk
0213ec5289d86c40bda69ed571b5853f,258,1,559.0,At Risk
0213fe7fbaa0a7e81c16350785e367e6,185,1,159.98,At Risk
0214a2864bcff8020dbe8c40a2e9d26a,538,1,99.9,At Risk
02168ea18740a0fdaaa15f11bebba5db,328,2,199.6,Regular Customers
021823ac7f57395504b4fcf2df8667f9,216,1,25.9,At Risk
02198c63d3e65ea299d6d8d3c7a11665,144,1,14.2,Regular Customers
021a4369c52a67fdaa1a923dada92cf2,418,1,15.33,At Risk
021ab4ee1c733fef68ef3ddbb6c4ea7e,480,1,46.2,At Risk
021ac5734c4f62601583998bf0de4e03,104,1,728.0,Regular Customers
021b5df6105eece2e83def42b2a75a1c,173,1,49.99,Regular Customers
021ba14f8e7b9e5c46cc91cfdbcfbbd1,189,1,39.99,At Risk
021bca90c906d19b425e192070eb6f68,324,1,99.89,At Risk
021d9099364431e24195152225c8c535,111,1,79.9,Regular Customers
021dbb48a965542d846e18a6799d37c0,431,1,139.9,At Risk
021f9b70becbc032905f24f7e6c2d7d7,451,1,113.0,At Risk
0220755d57fdf6a1f63f39f51bb5fb90,111,1,19.8,Regular Customers
0220cae7a876f841ad3924e84b29861a,356,1,59.99,At Risk
022130229ad6d7d853447a4b0979b2dd,180,1,97.65,Regular Customers
0221e219e9875443d81e933d3d6f8c80,31,1,54.9,Regular Customers
02220c4df207c6277c269f0b3a05c7cd,243,1,127.0,At Risk
02238d275f51bce58c8e97218621bd91,232,1,21.9,At Risk
02248d5e7ec365ab4fe76975be1449a6,338,1,24.1,At Risk
02251550f4d16aca44ce66e4263c0522,587,1,129.99,At Risk
0225a15f6d472b6aff9f2ea45e9a563f,93,1,79.0,Regular Customers
022609268add6b353d31185c5ff813c8,32,1,150.0,Regular Customers
022657d659cf88bcc8c22774f3f0b61a,12,1,64.99,Regular Customers
02278b7fe04a285092542fa4313cdc31,517,1,34.9,At Risk
0228e299d1cabeaf9be64b5ccd784c97,408,1,1099.0,At Risk
0229357c32b8eb6b686af4ed4c90d22f,104,1,32.9,Regular Customers
022949b07073de5d6173732ea01d6155,172,1,45.99,Regular Customers
022ac7dfecd0b4f6019415c4a0fe6d03,127,1,131.0,Regular Customers
022b5f96c507ad0530bb7c5a29d00a7d,215,1,70.0,At Risk
022defe8d96ad7d7e6b2e39a5d83c500,81,1,67.99,Regular Customers
022e9ef39a8047a24a813f57ad382b94,364,1,610.0,At Risk
022f73728cb75b707e8237867ba3526f,89,1,99.0,Regular Customers
023196e0c7c9f50e21677e45cc6d539a,286,1,120.0,At Risk
0231f0795b8e38aeb40a26115e75722c,70,1,229.99,Regular Customers
023269083e9a81d89531aeb436d4a05b,188,1,89.99,At Risk
02333854bb2fa366a65a44ff189a55cb,320,1,115.0,At Risk
023571745d76e09f8bd5477af28f605e,408,1,94.8,At Risk
02359eb55cd801c825452c46c59d416f,260,1,89.99,At Risk
023609b602b585ea3aaffff453cd0edf,123,1,59.98,Regular Customers
023614eec7dadcb125d4408c1e9634d1,199,1,19.9,At Risk
023626329895d11d199a1bf57dcbc546,33,1,87.8,Regular Customers
02364b772a6ae741cce9f3c93ea77edc,123,1,199.89,Regular Customers
0236e0a7664e478c1c5713ed4d51f906,200,1,55.9,At Risk
02379766f7d489377d4a0b5e5a7bd40c,122,1,49.99,Regular Customers
02379fc0d5e683d41ccde86f75bbfaf4,69,1,72.9,Regular Customers
023986b2b457eb7ffc5a7669a6dad6fa,80,1,27.5,Regular Customers
02399dafe5a38655445fb46ec2499071,150,1,18.6,Regular Customers
023a46a22f869dafae9c900b45b8622d,327,1,49.99,At Risk
023a5f2429a60d00c9c26887b95c6c80,357,1,16.0,At Risk
023a67e0df63273fa1f49cd71fd3eb61,158,1,129.9,Regular Customers
023b5ad5d79bf390d6c743833dd41732,248,1,129.9,At Risk
023c86aec9feb3a43c76311813f04a3e,290,1,26.6,At Risk
023c8fe9cea056407269dfe9bdd57a8c,314,1,37.8,At Risk
023d64edb6716ac1a0a5da6e6277a713,122,1,55.0,Regular Customers
023d978a84bb97e195d5562279a7b285,174,1,34.9,Regular Customers
023de84681c997f7bcb218b8e23df233,238,1,119.8,At Risk
023e5eed74131f86d5893680d88d88d7,129,1,99.9,Regular Customers
023f426e28a212b8328b41649a2b1a05,22,1,24.0,Regular Customers
0241fa2e9adf0576cb0f845377d05c03,40,2,132.31,Regular Customers
0242712d1c9c34808dfa88c597c7b0f9,282,1,49.0,At Risk
0242e42b2210c764b47e099ddeacd742,416,1,128.9,At Risk
024422409498157526b84fb4cf919ae3,237,1,99.9,At Risk
0245997602d4ec43390590e43dfd39d9,503,1,169.9,At Risk
0245c32b7a8e243d2574af599a186108,147,1,55.9,Regular Customers
0246128cbe42bad650aca67dea148ecb,506,1,12.97,At Risk
02466bc47e3eaf9117b78765326d41e7,20,1,38.9,Regular Customers
024676cef113f6c81db6c5b8d29e5ee9,124,1,54.7,Regular Customers
0246b5fda21cce422b91be62bca9c9ff,50,1,65.0,Regular Customers
0246e728843e079b72ae99cbfe711acd,154,1,12.95,Regular Customers
0246f8de7fe5a9cb5e3a3fffa3cf0da4,331,1,107.79,At Risk
024741ae16493ea617e06ecc277c7069,436,1,49.8,At Risk
0247caa552d23ae7ca2e0777b55a4a2f,217,1,119.9,At Risk
0247fad5e7e46592d7216d01e9a2d7f6,553,1,188.99,At Risk
024879685782c26ab2f0365fbea37967,283,1,25.9,At Risk
0248acdec0648791650de14b758df203,227,1,116.0,At Risk
024ab36a6207906cf0d2767466419017,561,1,32.9,At Risk
024ab3d97dd522b7f5173b905628f9fd,141,1,130.0,Regular Customers
024bc6c3997170f0ca30edba8ba8aa55,356,1,289.8,At Risk
024c132534a98479e42a33027e3ad2e2,108,1,103.9,Regular Customers
024c233620ca87fef1d3f281e8123142,103,1,90.0,Regular Customers
024c9fd1cf1c2c614f24a18e5dd1784d,139,1,38.0,Regular Customers
024cf57b6da1f225b8b130dcd9093af9,486,1,119.8,At Risk
024e448ec8650b88a45e9f6049eec02b,123,1,35.9,Regular Customers
024e94ea4d09b69b4996d5af7b43c1b4,38,1,51.89,Regular Customers
024f153bf5ff2f378be3577f3248f283,379,1,80.0,At Risk
024f45263b6a8d9d49b30c4251cfe86c,382,1,18.0,At Risk
0250e6330823590753c1268c9bf15446,400,1,139.9,At Risk
025243a8f6e8e4afd7def031078725bf,280,1,231.7,At Risk
0252e35d8aa0b7b19eb4fb96783bafca,452,1,55.9,At Risk
02552fea6f4fa9a5c61bf9d22408ae73,513,1,220.0,At Risk
0255bf539e958e6f426caa5a0cf79aeb,223,1,29.9,At Risk
0255fc149c1f191319c8c431479e5d8c,34,1,99.0,Regular Customers
0256a460aa82066254d63d60bc21076e,274,1,79.9,At Risk
0256fe01df094f555379b7d453ba22fc,278,1,399.0,At Risk
02574dbc91dbde4c31f8c4e5ccd4f808,333,1,159.9,At Risk
02578a30eaf25ecf087a3728dc04b85a,384,1,39.99,At Risk
0258ab8ce9fe72c23efb37dd0dcf1307,378,1,29.9,At Risk
0258cd3b5e7c4b397cc09ea472677e73,224,1,139.8,At Risk
025bc857299fac3e5c699322d2a1485d,438,1,19.95,At Risk
025cf7c2f32536f0be1ab412bb6602d2,16,1,1788.0,Regular Customers
025d137104467c3e5c07018d9d0bb6fa,334,1,98.9,At Risk
025d6eda479e8fe58f6f9c334f86712d,16,1,114.9,Regular Customers
025e14cd691e409911edc1cc255115a7,282,1,119.9,At Risk
025e4cdbeeffdff36f7f289a4b714965,451,1,59.99,At Risk
025ef887ab57255584e60873ea086144,132,1,13.65,Regular Customers
025fef1b215081d46d39595c7b67c9a5,396,1,205.0,At Risk
02604e6d24c19c9e8c72bb1044bc48e0,227,1,21.6,At Risk
02620ba8f4c9b8583a78fbabcbf155cc,289,1,139.94,At Risk
026369eca788b2b8574bdcd04b003d80,118,1,29.9,Regular Customers
0263cd21a17b7b8396e582d110c6ad3c,252,1,179.99,At Risk
0264a651d41a6d387cf2f061b5f914d3,210,1,122.99,At Risk
02678f5b6207663512dd9cd96af14f0d,136,1,440.99,Regular Customers
02682c9a04df6a3e140e2e7eb78fa693,393,1,149.0,At Risk
026888d959225b8c5d57f6f0fdb54470,268,1,149.0,At Risk
026928fd79018e3c6b635da82781eb62,415,1,49.9,At Risk
026af3cfcaac056ac62feb8457cbfaa6,258,1,59.0,At Risk
026bae191fa488af0155ef3eba3d4a79,284,1,106.24,At Risk
026c7e2e8e363c7e734a716f9c70dfc3,461,1,24.9,At Risk
026cc430843b605b4b5515751f4fe5d3,61,1,736.0,Regular Customers
026d1aaa74457b39204f1ee240db2bc7,321,1,55.9,At Risk
026d6aade0923331c6065e5daa7aafda,545,1,104.99,At Risk
026e135c007282454338db204e44381f,296,1,59.9,At Risk
026fef2c54aa326832f6eb30e9a13398,20,1,119.85,Regular Customers
02700eac78be35e1cbaab825c2314f4f,158,1,138.89,Regular Customers
02712c43bfdb769882911ec01879f2b6,136,1,25.0,Regular Customers
027179319d6e0b4958b300ba6e9e35e6,19,1,81.35,Regular Customers
02726fb0313c64d554b3a373c3a92f42,196,1,140.5,At Risk
027497dedcbd1792aba7aadf6677d2a4,152,1,54.9,Regular Customers
0274b33316518523077f46c699109015,141,1,329.0,Regular Customers
02772b907240626d358384cfc854b6eb,256,1,139.99,At Risk
027803eb28cc01fbdf5da72b109fabee,320,2,64.99,Regular Customers
027835b35f861ba108518b2c529e308f,202,1,19.9,At Risk
027873e82cba22c40763c9e44a536a38,149,1,122.99,Regular Customers
0278b3b0c4368280c3a17faa0be4311f,327,1,99.99,At Risk
0278d1770d14782b065a8f24b0084b08,341,1,159.99,At Risk
027975035267b4ec8c9d8ad65c6c4d6f,192,1,89.0,At Risk
02798e1b3a37c163dffad98b3c6de007,38,1,585.0,Regular Customers
027a37fed88effa55ddc5e961a48575c,188,1,74.9,At Risk
027a8a853eac346c3bf686f95289b761,289,1,25.98,At Risk
027b0a2a0630aa7439875c30b987bf99,226,1,49.99,At Risk
027c480ac01f936d8add76e496bbfebc,44,1,31.9,Regular Customers
027c8551b090d915b6c779c7e970ffef,495,1,18.99,At Risk
027ca2556afdb5bb0741b214c6380bb2,403,1,98.7,At Risk
027ce05786a9c91b427cf168e82819e0,338,1,212.4,At Risk
027d053c7d8203f3ebb4512da23681fb,206,1,162.5,At Risk
027d5c59887b8a32f409adb105c9cee8,409,1,299.0,At Risk
027dff2201a97b9920d2dd5240f51a02,17,1,160.0,Regular Customers
027e682a11d8db5a162f01e1b59700cb,412,1,132.9,At Risk
027ef1dce56b52802c3d35cd5beda928,322,1,78.0,At Risk
027f1c8ff06b9e07a71f720fcb918531,137,1,20.9,Regular Customers
027f4dabd2ab93d782fd604ade3f9f1b,180,1,49.99,Regular Customers
0280239e6c4add91b8a415d9b2566649,518,1,109.9,At Risk
0280c3bae373e59fd0f564cf9b0188a1,378,1,29.0,At Risk
028296541bfb0fe84ab460804e4c0dce,277,1,159.8,At Risk
0283917cf6822284c4341224ef003fb6,66,1,39.78,Regular Customers
0283d9c78c980d3ea0fce611bbc8ad5b,171,1,240.0,Regular Customers
02844e55117602121bb79fe70a59522a,454,1,547.9,At Risk
02848edda6ee321f306660a8399d8cc9,427,1,84.5,At Risk
0284ca4015977edc8413c917b8e68355,572,1,55.7,At Risk
0284fd4ad2eb300b86e3fbb61985dd00,229,1,129.89,At Risk
028610eb2f6daf6bb4c37e1bd2b42210,397,1,439.0,At Risk
02880ecd2c905f0a16fa1ae3d0884b1b,496,1,92.96,At Risk
02889f45776f057efa2323d295406cf2,450,1,69.0,At Risk
028ae0b8c77250d12323b40f2cbb38c7,585,1,61.9,At Risk
028b8434bd4a6277e77f5b327cc1e1b0,257,1,79.0,At Risk
028bb7f0b0813c2df891b680c35b5f63,354,1,199.0,At Risk
028c09f007292c4e3a3b10d296e47987,169,1,360.0,Regular Customers
028c1f3fd0bcc7a92d6d4190f6c08ff5,232,1,56.0,At Risk
028ccf85a88eb595cfa50d7a0d417868,217,1,150.0,At Risk
028df9d72fe22595a5da837157f1258b,565,1,99.8,At Risk
028e0685d43827f5ce7882972eeaf6f8,88,1,150.0,Regular Customers
028f21bc914b92ebd3d90710df2363b0,300,1,15.0,At Risk
02900dde8414f41aa7e3e6394eb08871,282,1,138.2,At Risk
02943af04041ca7713d7ef096d5d7a8a,78,1,49.9,Regular Customers
02944edc74d278644e63112966608f62,82,1,82.5,Regular Customers
0294560ad384ad92c9aff267bbbd9406,160,1,13.65,Regular Customers
0294bdc2d323f7399d6c38690095e94b,131,1,79.99,Regular Customers
02961f000d03958b88e9cba0cf6253cb,37,1,229.9,Regular Customers
0296a671e6107db6871fcb8ab6330e48,213,1,13.65,At Risk
0296ddaa154279cc2bd15621e06e6f1f,234,1,99.9,At Risk
029800f459300049c50c59dcc4244e44,361,1,129.9,At Risk
029939dc94df37cac6ac39bb3e55562f,302,1,146.99,At Risk
0299711900aa07c0fe4961eb253431f8,282,1,49.0,At Risk
0299fedc3f190307e87f32483a9ba4fd,499,1,79.89,At Risk
029b457bd01199c39136f89e0eddcd3a,241,2,278.0,Regular Customers
029d51fd4dc96c03a0e3d71c848adeb2,281,1,114.9,At Risk
029d944cf2f7fc6640e877c5c3612509,87,1,378.0,Regular Customers
029f24823177b442913b23816ee59e17,389,1,166.9,At Risk
02a0646c59df9bfe155e5afd3317a87b,243,1,199.98,At Risk
02a09961a48dc54166f61f00c8fcd7e5,431,1,59.9,At Risk
02a0e3c6bcfdfcbecbc4268ef3797863,154,1,109.9,Regular Customers
02a12dc286c290872d5a263fb9af0dfd,61,1,49.9,Regular Customers
02a2094b273efc30447d706e9fc9fceb,39,1,265.9,Regular Customers
02a2144d4ae1760a74cedd6b5bfea147,102,1,62.9,Regular Customers
02a2a0a9627a062602de754d75038ce4,25,1,502.0,Regular Customers
02a3fc88421c4bb19b14420b7d1b6bd3,214,1,49.0,At Risk
02a6a137ef7fe2414c9e14fc4d060790,153,1,209.7,Regular Customers
02a7760053385280fc193a50d86f69d1,16,1,112.0,Regular Customers
02a8100f33055beec4d219c04e7d4318,16,1,122.99,Regular Customers
02a81ef75e80450061b235f691600dc0,395,1,39.9,At Risk
02a9f0e03fc4867dc04993af70d4a300,80,1,8.7,Regular Customers
02a9fc337956564657d9fa17d41af27f,160,1,53.0,Regular Customers
02aa4845dc6ee08624bcc899ad684b33,373,1,59.9,At Risk
02ab167135d5d29cdc77b3147d75c1ef,529,1,31.5,At Risk
02ab4d19fd037fa00ad9892f7d529a8f,440,1,129.9,At Risk
02abda54135beba6c872bc929d06be83,504,1,32.9,At Risk
02ac2bb64dac05fb338809262ff33a49,527,1,69.8,At Risk
02ae5429a2a0c57554a8d4b7ed04b7e2,526,1,89.18,At Risk
02aff8daa5b3527989a29500ff1e8e10,81,1,390.0,Regular Customers
02b13b8c07bd3209940a10fdbc724545,372,1,17.99,At Risk
02b201bcaa62f2e65294692b30fdaa4f,222,1,89.9,At Risk
02b20b7c813efede140142ac610e36dc,167,2,172.89,Regular Customers
02b2ee0aa7ac4b3db5463ec3863ff8f7,117,1,18.9,Regular Customers
02b3bd80b9721b83c5b155ace3feede9,84,1,94.9,Regular Customers
02b3c998830ee93e9edb49fd91aeae4c,191,1,44.9,At Risk
02b3eb3619fdcba4c5a8e5d9ad6c97f2,397,1,99.99,At Risk
02b6ef845021b8fefe19c8d200f3ee06,153,1,1914.58,Regular Customers
02b741ab4dd2d378208995cbd59d4926,511,1,88.0,At Risk
02b7724060835bd13b499a886cbbcef5,356,1,59.9,At Risk
02b7e451968fd1f2793047ff025d18dc,538,1,99.99,At Risk
02b8634fdb8d9d15ef1e0f74287b13b7,198,1,31.9,At Risk
02b9defff3fd946df37af806a194a49b,302,1,35.0,At Risk
02ba172a1f7657976fc944d9f55aeba4,341,1,117.0,At Risk
02ba7b822bc05258fc0b790a1a54bc36,63,1,25.8,Regular Customers
